{"cameraMode":{"drawMode":0,"name":"Shaded","section":"Shading Mode"},"sceneLighting":true,"audioPlay":false,"sceneViewState":{"showFog":true,"showMaterialUpdate":false,"showSkybox":true,"showFlares":true,"showImageEffects":true,"showParticleSystems":true,"showVisualEffectGraphs":true,"m_FxEnabled":true},"in2DMode":false,"pivot":{"x":0.6628800630569458,"y":3.740000009536743,"z":8.296699523925782},"rotation":{"x":0.2863154411315918,"y":-0.061745718121528628,"z":0.018493028357625009,"w":0.9559711217880249},"size":10.372904777526856,"orthographic":false}